Month,FY,Date,Location,BtoB/BtoC,Product Code,Sale,Gross Margin
Apr,2018-19,02-Apr-18,Surat,BtoC,E0030M,327,227
Apr,2018-19,03-Apr-18,Surat,BtoB,E0028M,480,157
Apr,2018-19,03-Apr-18,Jaipur,BtoC,E0028M,951,555
Apr,2018-19,04-Apr-18,Mumbai,BtoB,E0028M,593,156
Apr,2018-19,05-Apr-18,Mumbai,BtoB,E0028M,353,244
Apr,2018-19,06-Apr-18,Jaipur,BtoC,E0032M,71,7
Apr,2018-19,06-Apr-18,Delhi,BtoB,E0028M,5443,1985
Apr,2018-19,10-Apr-18,Delhi,BtoB,E0030M,951,28
Apr,2018-19,10-Apr-18,Jaipur,BtoC,E0028M,46,31
Apr,2018-19,11-Apr-18,Delhi,BtoB,E0028M,704,180
Apr,2018-19,12-Apr-18,Surat,BtoC,E0028M,5594,0
Apr,2018-19,13-Apr-18,Delhi,BtoC,E0032M,1312,230
Apr,2018-19,14-Apr-18,Mumbai,BtoB,E0032M,237,102
Apr,2018-19,14-Apr-18,Mumbai,BtoB,E0034M,656,134
Apr,2018-19,14-Apr-18,Jaipur,BtoB,E0032M,1624,687
Apr,2018-19,15-Apr-18,Mumbai,BtoC,E0032M,613,36
Apr,2018-19,16-Apr-18,Surat,BtoB,E0032M,60,28
Apr,2018-19,16-Apr-18,Mumbai,BtoB,E0032M,700,214
Apr,2018-19,19-Apr-18,Mumbai,BtoC,E0028M,26,13
Apr,2018-19,19-Apr-18,Jaipur,BtoB,E0030M,422,46
Apr,2018-19,19-Apr-18,Jaipur,BtoC,E0030M,849,495
Apr,2018-19,19-Apr-18,Delhi,BtoB,E0034M,492,323
Apr,2018-19,20-Apr-18,Surat,BtoC,E0032M,3170,1572
Apr,2018-19,20-Apr-18,Jaipur,BtoB,E0034M,1687,1205
Apr,2018-19,22-Apr-18,Delhi,BtoC,E0030M,76,51
Apr,2018-19,22-Apr-18,Jaipur,BtoB,E0028M,2320,1607
Apr,2018-19,23-Apr-18,Surat,BtoB,E0034M,514,300
Apr,2018-19,25-Apr-18,Delhi,BtoC,E0032M,666,0
Apr,2018-19,26-Apr-18,Delhi,BtoC,E0028M,512,75
Apr,2018-19,26-Apr-18,Mumbai,BtoB,E0030M,990,578
Apr,2018-19,26-Apr-18,Delhi,BtoB,E0032M,359,189
Apr,2018-19,28-Apr-18,Jaipur,BtoC,E0032M,1333,0
Apr,2018-19,28-Apr-18,Jaipur,BtoC,E0028M,1361,894
May,2018-19,02-May-18,Surat,BtoC,E0030M,436,392
May,2018-19,02-May-18,Jaipur,BtoC,E0030M,1910,429
May,2018-19,03-May-18,Jaipur,BtoC,E0032M,1000,561
May,2018-19,05-May-18,Delhi,BtoB,E0028M,235,237
May,2018-19,07-May-18,Mumbai,BtoB,E0034M,82,52
May,2018-19,08-May-18,Jaipur,BtoB,E0034M,2249,2422
May,2018-19,11-May-18,Jaipur,BtoC,E0032M,143,22
May,2018-19,12-May-18,Mumbai,BtoB,E0028M,445,384
May,2018-19,15-May-18,Jaipur,BtoC,E0028M,127,74
May,2018-19,15-May-18,Delhi,BtoB,E0032M,120,97
May,2018-19,16-May-18,Delhi,BtoC,E0032M,666,0
May,2018-19,18-May-18,Delhi,BtoB,E0030M,238,3
May,2018-19,20-May-18,Surat,BtoB,E0032M,450,51
May,2018-19,22-May-18,Delhi,BtoB,E0034M,246,248
May,2018-19,26-May-18,Jaipur,BtoB,E0030M,422,24
May,2018-19,26-May-18,Mumbai,BtoB,E0030M,495,111
May,2018-19,26-May-18,Delhi,BtoC,E0030M,229,216
May,2018-19,27-May-18,Surat,BtoB,E0028M,384,327
May,2018-19,27-May-18,Mumbai,BtoC,E0028M,26,10
May,2018-19,28-May-18,Surat,BtoB,E0034M,309,180
May,2018-19,29-May-18,Mumbai,BtoB,E0028M,141,123
May,2018-19,29-May-18,Delhi,BtoC,E0028M,1151,1033
May,2018-19,29-May-18,Mumbai,BtoB,E0032M,948,383
May,2018-19,30-May-18,Jaipur,BtoB,E0028M,1392,297
Jun,2018-19,01-Jun-18,Delhi,BtoC,E0032M,83,70
Jun,2018-19,02-Jun-18,Delhi,BtoB,E0032M,479,237
Jun,2018-19,02-Jun-18,Jaipur,BtoC,E0032M,178,170
Jun,2018-19,02-Jun-18,Delhi,BtoC,E0032M,6558,1472
Jun,2018-19,03-Jun-18,Delhi,BtoB,E0028M,1408,1263
Jun,2018-19,03-Jun-18,Jaipur,BtoB,E0030M,703,197
Jun,2018-19,04-Jun-18,Mumbai,BtoB,E0028M,564,355
Jun,2018-19,04-Jun-18,Delhi,BtoB,E0030M,713,24
Jun,2018-19,04-Jun-18,Jaipur,BtoB,E0034M,1124,1211
Jun,2018-19,05-Jun-18,Mumbai,BtoC,E0028M,195,76
Jun,2018-19,06-Jun-18,Surat,BtoC,E0032M,1057,806
Jun,2018-19,09-Jun-18,Surat,BtoB,E0032M,30,28
Jun,2018-19,09-Jun-18,Mumbai,BtoC,E0032M,204,18
Jun,2018-19,10-Jun-18,Surat,BtoB,E0028M,192,148
Jun,2018-19,14-Jun-18,Jaipur,BtoC,E0030M,849,571
Jun,2018-19,16-Jun-18,Delhi,BtoB,E0034M,295,185
Jun,2018-19,17-Jun-18,Delhi,BtoC,E0028M,767,172
Jun,2018-19,17-Jun-18,Mumbai,BtoB,E0030M,1486,333
Jun,2018-19,17-Jun-18,Delhi,BtoB,E0028M,2177,489
Jun,2018-19,18-Jun-18,Delhi,BtoC,E0030M,229,216
Jun,2018-19,19-Jun-18,Jaipur,BtoC,E0028M,381,222
Jun,2018-19,23-Jun-18,Mumbai,BtoB,E0028M,1186,479
Jun,2018-19,24-Jun-18,Jaipur,BtoC,E0032M,333,187
Jun,2018-19,25-Jun-18,Jaipur,BtoB,E0028M,2320,2472
Jun,2018-19,26-Jun-18,Mumbai,BtoB,E0032M,711,614
Jun,2018-19,26-Jun-18,Surat,BtoB,E0034M,103,88
Jun,2018-19,27-Jun-18,Surat,BtoC,E0030M,218,232
Jun,2018-19,29-Jun-18,Mumbai,BtoB,E0034M,164,105
Jul,2018-19,02-Jul-18,Jaipur,BtoC,E0032M,214,17
Jul,2018-19,04-Jul-18,Mumbai,BtoC,E0028M,52,20
Jul,2018-19,04-Jul-18,Jaipur,BtoC,E0028M,127,54
Jul,2018-19,04-Jul-18,Delhi,BtoC,E0032M,500,140
Jul,2018-19,04-Jul-18,Jaipur,BtoB,E0034M,4217,1064
Jul,2018-19,05-Jul-18,Delhi,BtoC,E0030M,76,36
Jul,2018-19,05-Jul-18,Jaipur,BtoC,E0028M,232,85
Jul,2018-19,06-Jul-18,Mumbai,BtoB,E0032M,474,96
Jul,2018-19,10-Jul-18,Mumbai,BtoB,E0028M,141,62
Jul,2018-19,10-Jul-18,Surat,BtoB,E0032M,90,41
Jul,2018-19,10-Jul-18,Surat,BtoB,E0034M,206,5
Jul,2018-19,12-Jul-18,Delhi,BtoB,E0034M,393,26
Jul,2018-19,14-Jul-18,Mumbai,BtoB,E0028M,593,120
Jul,2018-19,17-Jul-18,Mumbai,BtoB,E0034M,656,103
Jul,2018-19,19-Jul-18,Surat,BtoC,E0030M,218,116
Jul,2018-19,20-Jul-18,Surat,BtoB,E0028M,575,23
Jul,2018-19,20-Jul-18,Delhi,BtoB,E0030M,396,11
Jul,2018-19,21-Jul-18,Mumbai,BtoB,E0030M,495,56
Jul,2018-19,22-Jul-18,Delhi,BtoB,E0032M,180,8
Jul,2018-19,22-Jul-18,Surat,BtoC,E0032M,3963,222
Jul,2018-19,23-Jul-18,Jaipur,BtoB,E0028M,6959,3709
Jul,2018-19,24-Jul-18,Jaipur,BtoC,E0032M,2499,701
Jul,2018-19,25-Jul-18,Delhi,BtoC,E0032M,437,59
Jul,2018-19,26-Jul-18,Jaipur,BtoB,E0030M,141,4
Jul,2018-19,27-Jul-18,Delhi,BtoB,E0028M,352,89
Jul,2018-19,27-Jul-18,Delhi,BtoB,E0028M,1089,183
Jul,2018-19,29-Jul-18,Jaipur,BtoC,E0030M,1698,571
Jul,2018-19,31-Jul-18,Delhi,BtoC,E0028M,1279,0
Aug,2018-19,02-Aug-18,Mumbai,BtoB,E0032M,237,48
Aug,2018-19,02-Aug-18,Delhi,BtoC,E0032M,874,471
Aug,2018-19,04-Aug-18,Delhi,BtoB,E0034M,197,26
Aug,2018-19,05-Aug-18,Jaipur,BtoB,E0032M,762,385
Aug,2018-19,06-Aug-18,Delhi,BtoC,E0032M,750,210
Aug,2018-19,07-Aug-18,Jaipur,BtoB,E0032M,2435,1585
Aug,2018-19,09-Aug-18,Surat,BtoB,E0034M,103,60
Aug,2018-19,10-Aug-18,Mumbai,BtoB,E0028M,423,81
Aug,2018-19,10-Aug-18,Surat,BtoB,E0028M,959,484
Aug,2018-19,14-Aug-18,Jaipur,BtoC,E0032M,833,467
Aug,2018-19,14-Aug-18,Delhi,BtoC,E0030M,278,212
Aug,2018-19,16-Aug-18,Delhi,BtoB,E0028M,1089,366
Aug,2018-19,17-Aug-18,Surat,BtoB,E0032M,60,43
Aug,2018-19,17-Aug-18,Mumbai,BtoB,E0028M,593,120
Aug,2018-19,17-Aug-18,Surat,BtoC,E0030M,329,310
Aug,2018-19,17-Aug-18,Mumbai,BtoC,E0032M,307,41
Aug,2018-19,19-Aug-18,Delhi,BtoB,E0028M,704,276
Aug,2018-19,19-Aug-18,Mumbai,BtoB,E0030M,671,362
Aug,2018-19,20-Aug-18,Surat,BtoC,E0028M,4662,0
Aug,2018-19,21-Aug-18,Delhi,BtoC,E0028M,1023,459
Aug,2018-19,22-Aug-18,Jaipur,BtoC,E0028M,136,27
Aug,2018-19,23-Aug-18,Jaipur,BtoC,E0028M,62,50
Aug,2018-19,24-Aug-18,Mumbai,BtoC,E0028M,130,51
Aug,2018-19,24-Aug-18,Jaipur,BtoB,E0030M,1498,303
Aug,2018-19,27-Aug-18,Jaipur,BtoC,E0032M,143,45
Aug,2018-19,27-Aug-18,Jaipur,BtoB,E0028M,2320,2472
Aug,2018-19,27-Aug-18,Jaipur,BtoB,E0034M,1687,1854
Aug,2018-19,28-Aug-18,Mumbai,BtoB,E0034M,410,391
Aug,2018-19,28-Aug-18,Mumbai,BtoB,E0032M,311,196
Aug,2018-19,30-Aug-18,Mumbai,BtoC,E0030M,716,361
Aug,2018-19,30-Aug-18,Surat,BtoC,E0032M,264,124
Aug,2018-19,31-Aug-18,Delhi,BtoB,E0032M,359,290
Aug,2018-19,31-Aug-18,Delhi,BtoB,E0030M,1158,935
Sep,2018-19,01-Sep-18,Delhi,BtoC,E0032M,1749,942
Sep,2018-19,04-Sep-18,Delhi,BtoB,E0032M,240,118
Sep,2018-19,06-Sep-18,Delhi,BtoB,E0030M,475,16
Sep,2018-19,06-Sep-18,Jaipur,BtoB,E0032M,2706,911
Sep,2018-19,07-Sep-18,Surat,BtoC,E0030M,986,841
Sep,2018-19,07-Sep-18,Jaipur,BtoB,E0034M,281,155
Sep,2018-19,07-Sep-18,Delhi,BtoB,E0034M,738,745
Sep,2018-19,08-Sep-18,Surat,BtoC,E0030M,1091,918
Sep,2018-19,08-Sep-18,Jaipur,BtoB,E0032M,152,99
Sep,2018-19,09-Sep-18,Delhi,BtoC,E0032M,333,0
Sep,2018-19,10-Sep-18,Mumbai,BtoB,E0032M,355,235
Sep,2018-19,11-Sep-18,Jaipur,BtoC,E0030M,2547,1714
Sep,2018-19,11-Sep-18,Jaipur,BtoC,E0032M,71,46
Sep,2018-19,12-Sep-18,Surat,BtoB,E0032M,180,129
Sep,2018-19,12-Sep-18,Mumbai,BtoB,E0034M,246,157
Sep,2018-19,12-Sep-18,Surat,BtoC,E0032M,528,249
Sep,2018-19,14-Sep-18,Delhi,BtoC,E0030M,457,349
Sep,2018-19,15-Sep-18,Delhi,BtoB,E0028M,1089,366
Sep,2018-19,17-Sep-18,Jaipur,BtoC,E0028M,1634,1320
Sep,2018-19,19-Sep-18,Jaipur,BtoC,E0028M,139,123
Sep,2018-19,21-Sep-18,Mumbai,BtoB,E0028M,1779,719
Sep,2018-19,21-Sep-18,Mumbai,BtoB,E0032M,233,110
Sep,2018-19,21-Sep-18,Mumbai,BtoC,E0032M,409,37
Sep,2018-19,22-Sep-18,Delhi,BtoB,E0030M,1158,572
Sep,2018-19,23-Sep-18,Surat,BtoB,E0034M,411,18
Sep,2018-19,24-Sep-18,Jaipur,BtoC,E0032M,1000,0
Sep,2018-19,24-Sep-18,Jaipur,BtoB,E0028M,2320,2472
Sep,2018-19,26-Sep-18,Delhi,BtoC,E0030M,348,273
Sep,2018-19,27-Sep-18,Mumbai,BtoB,E0030M,2014,1627
Sep,2018-19,28-Sep-18,Delhi,BtoB,E0028M,1408,1263
Sep,2018-19,28-Sep-18,Jaipur,BtoB,E0030M,1266,213
Sep,2018-19,28-Sep-18,Surat,BtoC,E0028M,1399,0
Sep,2018-19,30-Sep-18,Mumbai,BtoB,E0030M,990,889
Sep,2018-19,30-Sep-18,Jaipur,BtoB,E0030M,2996,1210
Sep,2018-19,30-Sep-18,Mumbai,BtoC,E0030M,95,41
Oct,2018-19,01-Oct-18,Jaipur,BtoC,E0032M,1000,561
Oct,2018-19,02-Oct-18,Jaipur,BtoB,E0032M,76,25
Oct,2018-19,03-Oct-18,Delhi,BtoB,E0034M,49,43
Oct,2018-19,04-Oct-18,Mumbai,BtoB,E0030M,330,148
Oct,2018-19,04-Oct-18,Mumbai,BtoB,E0028M,741,790
Oct,2018-19,04-Oct-18,Surat,BtoC,E0030M,164,170
Oct,2018-19,05-Oct-18,Surat,BtoB,E0028M,384,327
Oct,2018-19,05-Oct-18,Mumbai,BtoC,E0030M,573,488
Oct,2018-19,06-Oct-18,Mumbai,BtoB,E0028M,423,81
Oct,2018-19,06-Oct-18,Delhi,BtoC,E0028M,512,230
Oct,2018-19,08-Oct-18,Jaipur,BtoB,E0030M,703,197
Oct,2018-19,08-Oct-18,Delhi,BtoB,E0028M,726,163
Oct,2018-19,09-Oct-18,Delhi,BtoC,E0032M,2623,1413
Oct,2018-19,10-Oct-18,Delhi,BtoB,E0030M,238,3
Oct,2018-19,10-Oct-18,Mumbai,BtoB,E0030M,2686,2893
Oct,2018-19,12-Oct-18,Jaipur,BtoB,E0034M,2530,1334
Oct,2018-19,13-Oct-18,Delhi,BtoC,E0032M,167,93
Oct,2018-19,15-Oct-18,Jaipur,BtoC,E0032M,178,170
Oct,2018-19,16-Oct-18,Surat,BtoB,E0034M,309,180
Oct,2018-19,16-Oct-18,Jaipur,BtoC,E0028M,817,495
Oct,2018-19,16-Oct-18,Delhi,BtoB,E0030M,868,351
Oct,2018-19,17-Oct-18,Delhi,BtoC,E0030M,417,9
Oct,2018-19,17-Oct-18,Mumbai,BtoB,E0032M,467,147
Oct,2018-19,18-Oct-18,Jaipur,BtoB,E0032M,541,522
Oct,2018-19,19-Oct-18,Mumbai,BtoC,E0028M,78,1
Oct,2018-19,19-Oct-18,Jaipur,BtoB,E0028M,6959,7417
Oct,2018-19,19-Oct-18,Jaipur,BtoB,E0030M,2247,681
Oct,2018-19,21-Oct-18,Surat,BtoC,E0028M,2331,0
Oct,2018-19,21-Oct-18,Surat,BtoC,E0032M,2642,296
Oct,2018-19,22-Oct-18,Mumbai,BtoC,E0032M,511,115
Oct,2018-19,23-Oct-18,Jaipur,BtoC,E0028M,190,162
Oct,2018-19,25-Oct-18,Jaipur,BtoC,E0028M,46,41
Oct,2018-19,26-Oct-18,Delhi,BtoB,E0028M,1173,329
Oct,2018-19,31-Oct-18,Mumbai,BtoB,E0034M,492,392
Nov,2018-19,01-Nov-18,Jaipur,BtoC,E0032M,833,467
Nov,2018-19,01-Nov-18,Mumbai,BtoC,E0032M,920,124
Nov,2018-19,03-Nov-18,Mumbai,BtoB,E0030M,990,889
Nov,2018-19,03-Nov-18,Surat,BtoC,E0030M,493,420
Nov,2018-19,04-Nov-18,Delhi,BtoC,E0032M,833,701
Nov,2018-19,04-Nov-18,Mumbai,BtoB,E0034M,82,52
Nov,2018-19,05-Nov-18,Mumbai,BtoB,E0032M,711,614
Nov,2018-19,09-Nov-18,Delhi,BtoB,E0030M,1737,156
Nov,2018-19,09-Nov-18,Surat,BtoC,E0032M,793,373
Nov,2018-19,10-Nov-18,Jaipur,BtoC,E0032M,107,85
Nov,2018-19,10-Nov-18,Delhi,BtoB,E0034M,492,497
Nov,2018-19,11-Nov-18,Jaipur,BtoC,E0028M,1361,1375
Nov,2018-19,11-Nov-18,Jaipur,BtoB,E0032M,305,198
Nov,2018-19,12-Nov-18,Surat,BtoC,E0030M,545,459
Nov,2018-19,13-Nov-18,Jaipur,BtoC,E0028M,93,90
Nov,2018-19,13-Nov-18,Jaipur,BtoB,E0034M,562,618
Nov,2018-19,15-Nov-18,Jaipur,BtoB,E0030M,1125,252
Nov,2018-19,17-Nov-18,Surat,BtoB,E0032M,90,46
Nov,2018-19,18-Nov-18,Jaipur,BtoC,E0028M,127,108
Nov,2018-19,18-Nov-18,Mumbai,BtoB,E0030M,1343,1446
Nov,2018-19,19-Nov-18,Delhi,BtoB,E0032M,719,355
Nov,2018-19,19-Nov-18,Mumbai,BtoB,E0028M,1186,479
Nov,2018-19,20-Nov-18,Delhi,BtoB,E0028M,938,842
Nov,2018-19,20-Nov-18,Delhi,BtoC,E0030M,457,349
Nov,2018-19,22-Nov-18,Jaipur,BtoB,E0032M,1353,455
Nov,2018-19,23-Nov-18,Delhi,BtoB,E0028M,1089,366
Nov,2018-19,24-Nov-18,Delhi,BtoB,E0030M,634,28
Nov,2018-19,24-Nov-18,Jaipur,BtoB,E0030M,1498,303
Nov,2018-19,25-Nov-18,Surat,BtoB,E0034M,154,132
Nov,2018-19,26-Nov-18,Mumbai,BtoB,E0032M,156,49
Nov,2018-19,27-Nov-18,Mumbai,BtoC,E0030M,477,241
Nov,2018-19,28-Nov-18,Surat,BtoC,E0028M,932,0
Nov,2018-19,29-Nov-18,Jaipur,BtoB,E0028M,2784,1187
Nov,2018-19,29-Nov-18,Delhi,BtoC,E0030M,348,273
Nov,2018-19,30-Nov-18,Jaipur,BtoC,E0030M,1698,1143
Nov,2018-19,30-Nov-18,Delhi,BtoC,E0032M,3935,3178
Dec,2018-19,01-Dec-18,Delhi,BtoB,E0034M,98,62
Dec,2018-19,03-Dec-18,Mumbai,BtoB,E0028M,282,177
Dec,2018-19,03-Dec-18,Jaipur,BtoC,E0032M,178,170
Dec,2018-19,04-Dec-18,Mumbai,BtoC,E0030M,191,81
Dec,2018-19,04-Dec-18,Mumbai,BtoB,E0032M,156,24
Dec,2018-19,05-Dec-18,Jaipur,BtoC,E0030M,1698,1143
Dec,2018-19,07-Dec-18,Mumbai,BtoC,E0032M,409,37
Dec,2018-19,08-Dec-18,Jaipur,BtoC,E0032M,333,0
Dec,2018-19,10-Dec-18,Delhi,BtoB,E0028M,704,711
Dec,2018-19,10-Dec-18,Surat,BtoC,E0030M,493,509
Dec,2018-19,10-Dec-18,Delhi,BtoC,E0030M,209,80
Dec,2018-19,11-Dec-18,Surat,BtoB,E0032M,270,139
Dec,2018-19,11-Dec-18,Delhi,BtoB,E0028M,1814,1018
Dec,2018-19,12-Dec-18,Jaipur,BtoC,E0028M,46,48
Dec,2018-19,13-Dec-18,Delhi,BtoC,E0030M,229,195
Dec,2018-19,13-Dec-18,Mumbai,BtoB,E0034M,738,588
Dec,2018-19,13-Dec-18,Mumbai,BtoB,E0030M,2686,2893
Dec,2018-19,15-Dec-18,Jaipur,BtoB,E0032M,152,50
Dec,2018-19,16-Dec-18,Surat,BtoC,E0030M,545,459
Dec,2018-19,17-Dec-18,Jaipur,BtoC,E0028M,408,247
Dec,2018-19,18-Dec-18,Jaipur,BtoB,E0028M,4175,2670
Dec,2018-19,21-Dec-18,Jaipur,BtoB,E0030M,499,101
Dec,2018-19,21-Dec-18,Jaipur,BtoB,E0034M,4217,2129
Dec,2018-19,22-Dec-18,Delhi,BtoB,E0032M,120,97
Dec,2018-19,23-Dec-18,Surat,BtoB,E0034M,103,60
Dec,2018-19,24-Dec-18,Delhi,BtoC,E0032M,874,235
Dec,2018-19,25-Dec-18,Jaipur,BtoB,E0032M,541,437
Dec,2018-19,27-Dec-18,Mumbai,BtoB,E0032M,237,48
Dec,2018-19,28-Dec-18,Delhi,BtoB,E0030M,1447,1299
Dec,2018-19,30-Dec-18,Delhi,BtoC,E0032M,333,0
Dec,2018-19,30-Dec-18,Surat,BtoC,E0028M,2797,0
Dec,2018-19,30-Dec-18,Surat,BtoC,E0032M,3963,445
Dec,2018-19,31-Dec-18,Mumbai,BtoB,E0028M,1334,1153
Jan,2018-19,01-Jan-19,Delhi,BtoB,E0028M,352,178
Jan,2018-19,03-Jan-19,Delhi,BtoC,E0028M,512,230
Jan,2018-19,03-Jan-19,Delhi,BtoB,E0028M,363,41
Jan,2018-19,03-Jan-19,Mumbai,BtoC,E0030M,95,74
Jan,2018-19,05-Jan-19,Surat,BtoB,E0028M,288,223
Jan,2018-19,05-Jan-19,Jaipur,BtoC,E0028M,408,247
Jan,2018-19,06-Jan-19,Mumbai,BtoB,E0030M,495,222
Jan,2018-19,06-Jan-19,Jaipur,BtoC,E0032M,36,23
Jan,2018-19,06-Jan-19,Delhi,BtoB,E0030M,289,117
Jan,2018-19,08-Jan-19,Jaipur,BtoC,E0032M,1500,841
Jan,2018-19,08-Jan-19,Mumbai,BtoB,E0030M,671,181
Jan,2018-19,10-Jan-19,Jaipur,BtoB,E0030M,281,32
Jan,2018-19,10-Jan-19,Surat,BtoC,E0030M,986,929
Jan,2018-19,11-Jan-19,Surat,BtoC,E0030M,1091,918
Jan,2018-19,15-Jan-19,Delhi,BtoB,E0032M,898,806
Jan,2018-19,15-Jan-19,Jaipur,BtoB,E0032M,305,198
Jan,2018-19,17-Jan-19,Surat,BtoB,E0034M,206,9
Jan,2018-19,17-Jan-19,Surat,BtoC,E0028M,2331,0
Jan,2018-19,17-Jan-19,Delhi,BtoB,E0034M,197,124
Jan,2018-19,18-Jan-19,Delhi,BtoB,E0030M,713,24
Jan,2018-19,23-Jan-19,Surat,BtoB,E0032M,270,139
Jan,2018-19,23-Jan-19,Delhi,BtoC,E0032M,750,210
Jan,2018-19,23-Jan-19,Jaipur,BtoB,E0030M,1998,807
Jan,2018-19,24-Jan-19,Mumbai,BtoB,E0034M,164,105
Jan,2018-19,25-Jan-19,Mumbai,BtoC,E0028M,195,76
Jan,2018-19,25-Jan-19,Jaipur,BtoC,E0028M,31,32
Jan,2018-19,26-Jan-19,Delhi,BtoC,E0030M,417,9
Jan,2018-19,27-Jan-19,Mumbai,BtoB,E0028M,564,355
Jan,2018-19,30-Jan-19,Jaipur,BtoC,E0028M,761,34
Jan,2018-19,30-Jan-19,Delhi,BtoC,E0030M,343,293
Jan,2018-19,30-Jan-19,Jaipur,BtoC,E0030M,212,95
Jan,2018-19,30-Jan-19,Mumbai,BtoB,E0028M,741,790
Jan,2018-19,31-Jan-19,Mumbai,BtoB,E0032M,237,157
Jan,2018-19,31-Jan-19,Jaipur,BtoB,E0028M,464,99
Feb,2018-19,01-Feb-19,Surat,BtoB,E0028M,384,164
Feb,2018-19,04-Feb-19,Jaipur,BtoC,E0032M,833,467
Feb,2018-19,06-Feb-19,Mumbai,BtoB,E0030M,330,296
Feb,2018-19,06-Feb-19,Jaipur,BtoC,E0030M,1273,286
Feb,2018-19,06-Feb-19,Jaipur,BtoB,E0030M,250,25
Feb,2018-19,07-Feb-19,Mumbai,BtoB,E0028M,2224,2371
Feb,2018-19,07-Feb-19,Jaipur,BtoC,E0028M,408,247
Feb,2018-19,08-Feb-19,Delhi,BtoC,E0030M,572,385
Feb,2018-19,12-Feb-19,Jaipur,BtoB,E0030M,281,16
Feb,2018-19,15-Feb-19,Delhi,BtoB,E0032M,479,237
Feb,2018-19,15-Feb-19,Mumbai,BtoB,E0034M,492,392
Feb,2018-19,16-Feb-19,Mumbai,BtoB,E0032M,237,48
Feb,2018-19,16-Feb-19,Jaipur,BtoB,E0028M,4175,2670
Feb,2018-19,16-Feb-19,Mumbai,BtoB,E0030M,336,90
Feb,2018-19,18-Feb-19,Delhi,BtoC,E0028M,1279,0
Feb,2018-19,18-Feb-19,Surat,BtoB,E0034M,309,97
Feb,2018-19,18-Feb-19,Surat,BtoC,E0028M,2331,0
Feb,2018-19,20-Feb-19,Delhi,BtoB,E0030M,317,14
Feb,2018-19,20-Feb-19,Delhi,BtoB,E0034M,49,43
Feb,2018-19,21-Feb-19,Jaipur,BtoC,E0028M,127,74
Feb,2018-19,21-Feb-19,Jaipur,BtoC,E0032M,107,68
Feb,2018-19,22-Feb-19,Delhi,BtoC,E0032M,333,0
Feb,2018-19,25-Feb-19,Delhi,BtoB,E0028M,235,118
Feb,2018-19,25-Feb-19,Surat,BtoC,E0030M,981,936
Feb,2018-19,25-Feb-19,Jaipur,BtoC,E0028M,62,50
Feb,2018-19,26-Feb-19,Delhi,BtoB,E0028M,1451,326
Feb,2018-19,27-Feb-19,Mumbai,BtoC,E0028M,78,30
Feb,2018-19,27-Feb-19,Surat,BtoB,E0032M,450,51
Feb,2018-19,27-Feb-19,Surat,BtoC,E0030M,493,420
Feb,2018-19,28-Feb-19,Mumbai,BtoB,E0028M,141,62
Feb,2018-19,28-Feb-19,Delhi,BtoB,E0030M,289,117
Mar,2018-19,01-Mar-19,Surat,BtoB,E0032M,60,55
Mar,2018-19,01-Mar-19,Surat,BtoC,E0030M,329,310
Mar,2018-19,04-Mar-19,Jaipur,BtoC,E0032M,333,187
Mar,2018-19,05-Mar-19,Delhi,BtoC,E0030M,457,349
Mar,2018-19,06-Mar-19,Mumbai,BtoC,E0028M,78,30
Mar,2018-19,06-Mar-19,Mumbai,BtoB,E0032M,1777,1894
Mar,2018-19,08-Mar-19,Surat,BtoC,E0030M,327,349
Mar,2018-19,09-Mar-19,Jaipur,BtoC,E0032M,356,340
Mar,2018-19,09-Mar-19,Surat,BtoC,E0032M,2113,1612
Mar,2018-19,10-Mar-19,Mumbai,BtoB,E0028M,282,247
Mar,2018-19,12-Mar-19,Jaipur,BtoB,E0030M,563,126
Mar,2018-19,12-Mar-19,Delhi,BtoB,E0032M,539,48
Mar,2018-19,12-Mar-19,Jaipur,BtoB,E0032M,1624,1311
Mar,2018-19,14-Mar-19,Delhi,BtoC,E0028M,256,57
Mar,2018-19,15-Mar-19,Delhi,BtoC,E0030M,417,318
Mar,2018-19,17-Mar-19,Jaipur,BtoB,E0032M,381,192
Mar,2018-19,19-Mar-19,Mumbai,BtoC,E0032M,511,115
Mar,2018-19,21-Mar-19,Jaipur,BtoC,E0030M,1061,0
Mar,2018-19,21-Mar-19,Delhi,BtoB,E0034M,148,56
Mar,2018-19,22-Mar-19,Mumbai,BtoB,E0030M,1321,889
Mar,2018-19,23-Mar-19,Surat,BtoB,E0028M,192,82
Mar,2018-19,23-Mar-19,Delhi,BtoB,E0030M,1189,67
Mar,2018-19,26-Mar-19,Jaipur,BtoC,E0028M,190,162
Mar,2018-19,26-Mar-19,Delhi,BtoC,E0032M,250,70
Mar,2018-19,27-Mar-19,Jaipur,BtoB,E0034M,562,309
Mar,2018-19,28-Mar-19,Delhi,BtoC,E0032M,1312,353
Mar,2018-19,30-Mar-19,Delhi,BtoB,E0028M,587,165
Mar,2018-19,30-Mar-19,Mumbai,BtoC,E0030M,286,122
Mar,2018-19,30-Mar-19,Mumbai,BtoB,E0032M,311,196
Apr,2019-20,01-Apr-19,Mumbai,BtoB,E0032M,231,89
Apr,2019-20,01-Apr-19,Surat,BtoC,E0028M,3638,0
Apr,2019-20,05-Apr-19,Surat,BtoB,E0032M,117,49
Apr,2019-20,06-Apr-19,Jaipur,BtoC,E0028M,30,18
Apr,2019-20,07-Apr-19,Jaipur,BtoC,E0028M,619,322
Apr,2019-20,09-Apr-19,Jaipur,BtoC,E0030M,828,431
Apr,2019-20,09-Apr-19,Surat,BtoB,E0034M,502,261
Apr,2019-20,10-Apr-19,Delhi,BtoC,E0032M,853,133
Apr,2019-20,12-Apr-19,Surat,BtoB,E0028M,936,274
Apr,2019-20,12-Apr-19,Jaipur,BtoC,E0028M,1328,777
Apr,2019-20,13-Apr-19,Jaipur,BtoC,E0032M,1300,0
Apr,2019-20,14-Apr-19,Mumbai,BtoB,E0030M,644,335
Apr,2019-20,14-Apr-19,Delhi,BtoB,E0028M,3540,1151
Apr,2019-20,14-Apr-19,Jaipur,BtoB,E0032M,1584,597
Apr,2019-20,15-Apr-19,Delhi,BtoB,E0028M,936,156
Apr,2019-20,16-Apr-19,Delhi,BtoB,E0030M,618,16
Apr,2019-20,18-Apr-19,Mumbai,BtoC,E0028M,25,11
Apr,2019-20,19-Apr-19,Surat,BtoC,E0030M,213,131
Apr,2019-20,19-Apr-19,Jaipur,BtoB,E0028M,4526,2795
Apr,2019-20,20-Apr-19,Mumbai,BtoC,E0032M,399,21
Apr,2019-20,22-Apr-19,Jaipur,BtoC,E0032M,139,13
Apr,2019-20,22-Apr-19,Mumbai,BtoB,E0028M,1157,271
Apr,2019-20,23-Apr-19,Delhi,BtoB,E0032M,234,109
Apr,2019-20,24-Apr-19,Mumbai,BtoB,E0028M,688,425
Apr,2019-20,25-Apr-19,Mumbai,BtoB,E0034M,640,116
Apr,2019-20,25-Apr-19,Surat,BtoC,E0032M,2062,911
Apr,2019-20,26-Apr-19,Mumbai,BtoB,E0032M,455,124
Apr,2019-20,26-Apr-19,Delhi,BtoB,E0034M,480,281
Apr,2019-20,27-Apr-19,Delhi,BtoC,E0028M,499,65
Apr,2019-20,28-Apr-19,Delhi,BtoC,E0030M,74,44
Apr,2019-20,30-Apr-19,Jaipur,BtoB,E0030M,823,80
Apr,2019-20,30-Apr-19,Delhi,BtoC,E0032M,650,0
Apr,2019-20,30-Apr-19,Jaipur,BtoB,E0034M,1097,699
May,2019-20,03-May-19,Jaipur,BtoC,E0028M,248,129
May,2019-20,03-May-19,Jaipur,BtoC,E0032M,139,19
May,2019-20,06-May-19,Mumbai,BtoB,E0028M,275,215
May,2019-20,07-May-19,Delhi,BtoC,E0032M,650,0
May,2019-20,07-May-19,Mumbai,BtoB,E0034M,160,91
May,2019-20,09-May-19,Mumbai,BtoB,E0030M,966,193
May,2019-20,13-May-19,Mumbai,BtoB,E0028M,868,668
May,2019-20,15-May-19,Delhi,BtoC,E0028M,749,599
May,2019-20,15-May-19,Surat,BtoB,E0032M,293,29
May,2019-20,18-May-19,Surat,BtoC,E0030M,851,681
May,2019-20,19-May-19,Mumbai,BtoC,E0028M,51,17
May,2019-20,19-May-19,Delhi,BtoB,E0032M,234,168
May,2019-20,19-May-19,Jaipur,BtoB,E0028M,905,172
May,2019-20,20-May-19,Delhi,BtoB,E0028M,458,412
May,2019-20,20-May-19,Surat,BtoB,E0034M,201,104
May,2019-20,22-May-19,Jaipur,BtoB,E0030M,274,14
May,2019-20,22-May-19,Mumbai,BtoB,E0032M,924,333
May,2019-20,23-May-19,Delhi,BtoB,E0034M,480,432
May,2019-20,24-May-19,Jaipur,BtoC,E0032M,975,488
May,2019-20,25-May-19,Jaipur,BtoB,E0034M,2194,2106
May,2019-20,26-May-19,Surat,BtoB,E0028M,749,569
May,2019-20,27-May-19,Delhi,BtoB,E0030M,155,2
May,2019-20,31-May-19,Delhi,BtoC,E0030M,149,125
May,2019-20,31-May-19,Jaipur,BtoC,E0030M,1242,248
Jun,2019-20,02-Jun-19,Mumbai,BtoB,E0030M,966,193
Jun,2019-20,04-Jun-19,Jaipur,BtoB,E0030M,1372,343
Jun,2019-20,05-Jun-19,Delhi,BtoB,E0028M,916,732
Jun,2019-20,06-Jun-19,Delhi,BtoC,E0030M,149,125
Jun,2019-20,06-Jun-19,Mumbai,BtoB,E0034M,160,91
Jun,2019-20,06-Jun-19,Surat,BtoB,E0034M,100,76
Jun,2019-20,07-Jun-19,Delhi,BtoB,E0030M,464,14
Jun,2019-20,07-Jun-19,Mumbai,BtoB,E0032M,693,534
Jun,2019-20,07-Jun-19,Delhi,BtoC,E0032M,4265,853
Jun,2019-20,08-Jun-19,Jaipur,BtoC,E0028M,248,129
Jun,2019-20,09-Jun-19,Mumbai,BtoC,E0028M,127,44
Jun,2019-20,10-Jun-19,Surat,BtoB,E0032M,59,48
Jun,2019-20,11-Jun-19,Delhi,BtoB,E0032M,467,206
Jun,2019-20,11-Jun-19,Mumbai,BtoB,E0028M,1157,417
Jun,2019-20,12-Jun-19,Delhi,BtoB,E0028M,1416,283
Jun,2019-20,15-Jun-19,Jaipur,BtoC,E0030M,1656,994
Jun,2019-20,15-Jun-19,Delhi,BtoB,E0034M,192,107
Jun,2019-20,16-Jun-19,Surat,BtoC,E0030M,213,202
Jun,2019-20,17-Jun-19,Delhi,BtoC,E0032M,163,122
Jun,2019-20,18-Jun-19,Mumbai,BtoC,E0032M,399,32
Jun,2019-20,21-Jun-19,Surat,BtoC,E0032M,2062,1402
Jun,2019-20,22-Jun-19,Jaipur,BtoB,E0034M,2194,2106
Jun,2019-20,25-Jun-19,Jaipur,BtoB,E0028M,4526,4300
Jun,2019-20,26-Jun-19,Delhi,BtoC,E0028M,499,100
Jun,2019-20,28-Jun-19,Mumbai,BtoB,E0028M,551,308
Jun,2019-20,28-Jun-19,Surat,BtoB,E0028M,187,129
Jun,2019-20,28-Jun-19,Jaipur,BtoC,E0032M,348,295
Jun,2019-20,29-Jun-19,Jaipur,BtoC,E0032M,325,163
Jul,2019-20,01-Jul-19,Jaipur,BtoC,E0032M,1626,406
Jul,2019-20,04-Jul-19,Delhi,BtoC,E0030M,149,62
Jul,2019-20,05-Jul-19,Delhi,BtoC,E0032M,853,102
Jul,2019-20,07-Jul-19,Mumbai,BtoB,E0030M,966,97
Jul,2019-20,09-Jul-19,Jaipur,BtoC,E0028M,124,47
Jul,2019-20,10-Jul-19,Delhi,BtoB,E0028M,2124,319
Jul,2019-20,11-Jul-19,Surat,BtoC,E0032M,2577,129
Jul,2019-20,14-Jul-19,Delhi,BtoB,E0032M,351,14
Jul,2019-20,17-Jul-19,Mumbai,BtoB,E0034M,640,90
Jul,2019-20,17-Jul-19,Jaipur,BtoB,E0028M,4526,2150
Jul,2019-20,18-Jul-19,Delhi,BtoB,E0028M,229,52
Jul,2019-20,18-Jul-19,Jaipur,BtoB,E0030M,274,7
Jul,2019-20,18-Jul-19,Delhi,BtoB,E0034M,384,23
Jul,2019-20,20-Jul-19,Surat,BtoB,E0032M,59,24
Jul,2019-20,20-Jul-19,Jaipur,BtoC,E0028M,151,49
Jul,2019-20,22-Jul-19,Mumbai,BtoC,E0028M,101,34
Jul,2019-20,22-Jul-19,Delhi,BtoC,E0028M,1248,0
Jul,2019-20,23-Jul-19,Surat,BtoB,E0028M,561,20
Jul,2019-20,23-Jul-19,Delhi,BtoB,E0030M,773,19
Jul,2019-20,24-Jul-19,Delhi,BtoC,E0032M,325,81
Jul,2019-20,25-Jul-19,Jaipur,BtoB,E0034M,2742,617
Jul,2019-20,26-Jul-19,Mumbai,BtoB,E0028M,275,107
Jul,2019-20,26-Jul-19,Surat,BtoC,E0030M,213,101
Jul,2019-20,28-Jul-19,Jaipur,BtoC,E0030M,1656,497
Jul,2019-20,29-Jul-19,Surat,BtoB,E0034M,401,8
Jul,2019-20,30-Jul-19,Mumbai,BtoB,E0032M,924,166
Jul,2019-20,31-Jul-19,Jaipur,BtoC,E0032M,139,10
Jul,2019-20,31-Jul-19,Mumbai,BtoB,E0028M,1157,208
Aug,2019-20,03-Aug-19,Surat,BtoB,E0028M,936,421
Aug,2019-20,04-Aug-19,Jaipur,BtoC,E0032M,1626,813
Aug,2019-20,05-Aug-19,Jaipur,BtoC,E0028M,266,48
Aug,2019-20,06-Aug-19,Delhi,BtoB,E0028M,2124,637
Aug,2019-20,06-Aug-19,Delhi,BtoB,E0034M,384,46
Aug,2019-20,07-Aug-19,Mumbai,BtoB,E0032M,607,340
Aug,2019-20,07-Aug-19,Surat,BtoC,E0032M,515,217
Aug,2019-20,08-Aug-19,Delhi,BtoB,E0028M,687,240
Aug,2019-20,11-Aug-19,Jaipur,BtoC,E0028M,121,87
Aug,2019-20,11-Aug-19,Mumbai,BtoC,E0032M,598,72
Aug,2019-20,14-Aug-19,Surat,BtoC,E0028M,4548,0
Aug,2019-20,15-Aug-19,Delhi,BtoB,E0032M,234,168
Aug,2019-20,15-Aug-19,Mumbai,BtoB,E0030M,1310,629
Aug,2019-20,15-Aug-19,Mumbai,BtoC,E0030M,466,210
Aug,2019-20,15-Aug-19,Delhi,BtoC,E0032M,1706,819
Aug,2019-20,18-Aug-19,Jaipur,BtoB,E0032M,743,334
Aug,2019-20,19-Aug-19,Surat,BtoB,E0034M,201,104
Aug,2019-20,19-Aug-19,Jaipur,BtoB,E0032M,1584,919
Aug,2019-20,20-Aug-19,Mumbai,BtoC,E0028M,127,44
Aug,2019-20,20-Aug-19,Mumbai,BtoB,E0032M,462,83
Aug,2019-20,20-Aug-19,Jaipur,BtoC,E0032M,278,78
Aug,2019-20,20-Aug-19,Delhi,BtoB,E0030M,1130,813
Aug,2019-20,22-Aug-19,Delhi,BtoC,E0028M,998,399
Aug,2019-20,22-Aug-19,Surat,BtoC,E0030M,641,539
Aug,2019-20,24-Aug-19,Delhi,BtoC,E0032M,488,122
Aug,2019-20,24-Aug-19,Jaipur,BtoB,E0028M,4526,4300
Aug,2019-20,25-Aug-19,Mumbai,BtoB,E0028M,413,70
Aug,2019-20,25-Aug-19,Mumbai,BtoB,E0034M,800,680
Aug,2019-20,26-Aug-19,Mumbai,BtoB,E0028M,579,104
Aug,2019-20,27-Aug-19,Delhi,BtoC,E0030M,271,185
Aug,2019-20,28-Aug-19,Jaipur,BtoB,E0034M,1097,1075
Aug,2019-20,30-Aug-19,Jaipur,BtoB,E0030M,974,175
Aug,2019-20,31-Aug-19,Surat,BtoB,E0032M,117,75
Sep,2019-20,01-Sep-19,Jaipur,BtoC,E0028M,1063,765
Sep,2019-20,02-Sep-19,Delhi,BtoC,E0030M,298,202
Sep,2019-20,02-Sep-19,Mumbai,BtoC,E0032M,399,32
Sep,2019-20,03-Sep-19,Delhi,BtoB,E0030M,464,14
Sep,2019-20,04-Sep-19,Jaipur,BtoC,E0030M,1656,994
Sep,2019-20,04-Sep-19,Mumbai,BtoB,E0030M,1965,1415
Sep,2019-20,05-Sep-19,Jaipur,BtoB,E0032M,297,172
Sep,2019-20,06-Sep-19,Mumbai,BtoB,E0034M,160,91
Sep,2019-20,08-Sep-19,Delhi,BtoC,E0032M,1706,819
Sep,2019-20,09-Sep-19,Jaipur,BtoC,E0032M,70,40
Sep,2019-20,09-Sep-19,Surat,BtoC,E0028M,910,0
Sep,2019-20,10-Sep-19,Jaipur,BtoB,E0030M,1949,702
Sep,2019-20,13-Sep-19,Surat,BtoB,E0032M,117,75
Sep,2019-20,13-Sep-19,Delhi,BtoB,E0032M,467,206
Sep,2019-20,14-Sep-19,Surat,BtoC,E0032M,515,217
Sep,2019-20,14-Sep-19,Delhi,BtoB,E0034M,480,432
Sep,2019-20,17-Sep-19,Jaipur,BtoB,E0030M,823,123
Sep,2019-20,17-Sep-19,Mumbai,BtoB,E0032M,231,136
Sep,2019-20,17-Sep-19,Jaipur,BtoB,E0034M,548,269
Sep,2019-20,18-Sep-19,Jaipur,BtoC,E0028M,91,72
Sep,2019-20,20-Sep-19,Mumbai,BtoB,E0030M,644,515
Sep,2019-20,20-Sep-19,Delhi,BtoC,E0030M,678,475
Sep,2019-20,22-Sep-19,Surat,BtoC,E0030M,962,731
Sep,2019-20,24-Sep-19,Delhi,BtoB,E0028M,916,732
Sep,2019-20,24-Sep-19,Delhi,BtoB,E0030M,2259,994
Sep,2019-20,25-Sep-19,Jaipur,BtoC,E0032M,650,0
Sep,2019-20,25-Sep-19,Mumbai,BtoB,E0028M,1157,417
Sep,2019-20,26-Sep-19,Mumbai,BtoB,E0032M,455,191
Sep,2019-20,26-Sep-19,Jaipur,BtoB,E0032M,2640,792
Sep,2019-20,28-Sep-19,Surat,BtoC,E0030M,1064,798
Sep,2019-20,28-Sep-19,Delhi,BtoB,E0028M,2124,637
Sep,2019-20,28-Sep-19,Mumbai,BtoC,E0030M,186,71
Sep,2019-20,29-Sep-19,Surat,BtoB,E0034M,401,16
Sep,2019-20,29-Sep-19,Jaipur,BtoB,E0028M,4526,4300
Sep,2019-20,30-Sep-19,Delhi,BtoC,E0032M,650,0
Oct,2019-20,01-Oct-19,Delhi,BtoB,E0030M,155,2
Oct,2019-20,02-Oct-19,Mumbai,BtoB,E0028M,1447,1374
Oct,2019-20,04-Oct-19,Jaipur,BtoB,E0032M,149,43
Oct,2019-20,05-Oct-19,Mumbai,BtoB,E0028M,413,70
Oct,2019-20,05-Oct-19,Mumbai,BtoB,E0030M,322,129
Oct,2019-20,06-Oct-19,Jaipur,BtoB,E0030M,1462,395
Oct,2019-20,08-Oct-19,Jaipur,BtoB,E0028M,4526,4300
Oct,2019-20,09-Oct-19,Delhi,BtoB,E0030M,565,203
Oct,2019-20,10-Oct-19,Jaipur,BtoC,E0028M,91,72
Oct,2019-20,11-Oct-19,Mumbai,BtoB,E0032M,304,85
Oct,2019-20,11-Oct-19,Delhi,BtoC,E0032M,1706,819
Oct,2019-20,15-Oct-19,Delhi,BtoB,E0028M,1416,283
Oct,2019-20,16-Oct-19,Jaipur,BtoC,E0028M,124,94
Oct,2019-20,16-Oct-19,Mumbai,BtoB,E0034M,480,341
Oct,2019-20,17-Oct-19,Jaipur,BtoC,E0028M,797,430
Oct,2019-20,17-Oct-19,Surat,BtoC,E0032M,2577,258
Oct,2019-20,19-Oct-19,Mumbai,BtoC,E0028M,76,1
Oct,2019-20,19-Oct-19,Delhi,BtoB,E0034M,96,75
Oct,2019-20,20-Oct-19,Surat,BtoB,E0034M,201,104
Oct,2019-20,21-Oct-19,Delhi,BtoC,E0032M,325,163
Oct,2019-20,21-Oct-19,Mumbai,BtoB,E0030M,2620,2515
Oct,2019-20,22-Oct-19,Surat,BtoB,E0028M,749,569
Oct,2019-20,23-Oct-19,Jaipur,BtoB,E0030M,1372,343
Oct,2019-20,24-Oct-19,Jaipur,BtoB,E0034M,1645,773
Oct,2019-20,25-Oct-19,Surat,BtoC,E0030M,321,295
Oct,2019-20,25-Oct-19,Mumbai,BtoC,E0032M,997,199
Oct,2019-20,26-Oct-19,Delhi,BtoB,E0028M,1144,286
Oct,2019-20,26-Oct-19,Delhi,BtoC,E0030M,407,8
Oct,2019-20,27-Oct-19,Delhi,BtoC,E0028M,998,399
Oct,2019-20,27-Oct-19,Surat,BtoC,E0028M,4548,0
Oct,2019-20,28-Oct-19,Jaipur,BtoC,E0032M,348,295
Oct,2019-20,28-Oct-19,Mumbai,BtoC,E0030M,373,283
Oct,2019-20,29-Oct-19,Jaipur,BtoC,E0032M,975,488
Oct,2019-20,30-Oct-19,Jaipur,BtoB,E0032M,528,454
Nov,2019-20,02-Nov-19,Jaipur,BtoC,E0032M,1626,813
Nov,2019-20,03-Nov-19,Delhi,BtoC,E0032M,813,610
Nov,2019-20,03-Nov-19,Mumbai,BtoB,E0032M,304,85
Nov,2019-20,06-Nov-19,Delhi,BtoB,E0034M,480,432
Nov,2019-20,07-Nov-19,Delhi,BtoC,E0030M,298,202
Nov,2019-20,08-Nov-19,Mumbai,BtoB,E0030M,644,515
Nov,2019-20,08-Nov-19,Surat,BtoC,E0030M,962,731
Nov,2019-20,09-Nov-19,Mumbai,BtoB,E0034M,160,91
Nov,2019-20,09-Nov-19,Delhi,BtoB,E0028M,2124,637
Nov,2019-20,10-Nov-19,Jaipur,BtoC,E0032M,209,148
Nov,2019-20,11-Nov-19,Jaipur,BtoC,E0030M,1656,994
Nov,2019-20,11-Nov-19,Mumbai,BtoC,E0030M,466,210
Nov,2019-20,12-Nov-19,Delhi,BtoC,E0032M,2559,1843
Nov,2019-20,14-Nov-19,Jaipur,BtoB,E0030M,1098,220
Nov,2019-20,14-Nov-19,Delhi,BtoB,E0030M,1695,136
Nov,2019-20,15-Nov-19,Surat,BtoC,E0030M,1064,798
Nov,2019-20,15-Nov-19,Jaipur,BtoB,E0030M,974,175
Nov,2019-20,16-Nov-19,Jaipur,BtoC,E0028M,60,52
Nov,2019-20,16-Nov-19,Jaipur,BtoB,E0032M,2640,792
Nov,2019-20,17-Nov-19,Surat,BtoB,E0032M,176,81
Nov,2019-20,18-Nov-19,Jaipur,BtoB,E0032M,297,172
Nov,2019-20,20-Nov-19,Mumbai,BtoB,E0030M,2620,2515
Nov,2019-20,20-Nov-19,Mumbai,BtoC,E0032M,598,72
Nov,2019-20,21-Nov-19,Delhi,BtoB,E0028M,916,732
Nov,2019-20,21-Nov-19,Jaipur,BtoC,E0028M,124,94
Nov,2019-20,22-Nov-19,Surat,BtoC,E0028M,910,0
Nov,2019-20,24-Nov-19,Jaipur,BtoC,E0028M,1328,1195
Nov,2019-20,25-Nov-19,Surat,BtoB,E0034M,100,76
Nov,2019-20,25-Nov-19,Mumbai,BtoB,E0028M,1157,417
Nov,2019-20,26-Nov-19,Mumbai,BtoB,E0032M,693,534
Nov,2019-20,27-Nov-19,Delhi,BtoB,E0032M,467,206
Nov,2019-20,27-Nov-19,Delhi,BtoC,E0030M,678,475
Nov,2019-20,27-Nov-19,Surat,BtoC,E0032M,515,217
Nov,2019-20,28-Nov-19,Delhi,BtoB,E0030M,618,25
Nov,2019-20,30-Nov-19,Jaipur,BtoB,E0028M,1810,688
Nov,2019-20,30-Nov-19,Jaipur,BtoB,E0034M,1097,1075
Dec,2019-20,01-Dec-19,Delhi,BtoB,E0034M,192,107
Dec,2019-20,03-Dec-19,Jaipur,BtoC,E0028M,30,28
Dec,2019-20,03-Dec-19,Surat,BtoC,E0028M,2729,0
Dec,2019-20,03-Dec-19,Jaipur,BtoB,E0034M,2742,1234
Dec,2019-20,04-Dec-19,Mumbai,BtoB,E0032M,462,83
Dec,2019-20,06-Dec-19,Delhi,BtoC,E0032M,650,0
Dec,2019-20,06-Dec-19,Mumbai,BtoB,E0034M,480,341
Dec,2019-20,07-Dec-19,Delhi,BtoB,E0028M,458,412
Dec,2019-20,07-Dec-19,Jaipur,BtoB,E0028M,2716,1548
Dec,2019-20,07-Dec-19,Jaipur,BtoB,E0030M,974,175
Dec,2019-20,09-Dec-19,Mumbai,BtoB,E0030M,2620,2515
Dec,2019-20,10-Dec-19,Surat,BtoC,E0030M,1064,798
Dec,2019-20,12-Dec-19,Jaipur,BtoC,E0030M,1656,994
Dec,2019-20,12-Dec-19,Surat,BtoB,E0034M,201,104
Dec,2019-20,12-Dec-19,Delhi,BtoC,E0032M,853,205
Dec,2019-20,13-Dec-19,Jaipur,BtoC,E0032M,650,0
Dec,2019-20,17-Dec-19,Delhi,BtoB,E0032M,234,168
Dec,2019-20,18-Dec-19,Mumbai,BtoB,E0028M,551,308
Dec,2019-20,19-Dec-19,Surat,BtoC,E0032M,2577,258
Dec,2019-20,20-Dec-19,Surat,BtoC,E0030M,321,295
Dec,2019-20,20-Dec-19,Mumbai,BtoC,E0032M,399,32
Dec,2019-20,22-Dec-19,Delhi,BtoB,E0028M,3540,1770
Dec,2019-20,22-Dec-19,Mumbai,BtoC,E0030M,186,71
Dec,2019-20,22-Dec-19,Mumbai,BtoB,E0032M,152,21
Dec,2019-20,26-Dec-19,Delhi,BtoC,E0030M,223,170
Dec,2019-20,26-Dec-19,Jaipur,BtoC,E0032M,348,295
Dec,2019-20,28-Dec-19,Mumbai,BtoB,E0028M,868,668
Dec,2019-20,28-Dec-19,Jaipur,BtoB,E0032M,149,43
Dec,2019-20,28-Dec-19,Jaipur,BtoB,E0032M,1056,760
Dec,2019-20,30-Dec-19,Jaipur,BtoC,E0028M,797,430
Dec,2019-20,30-Dec-19,Delhi,BtoB,E0030M,2824,2259
Dec,2019-20,30-Dec-19,Delhi,BtoC,E0030M,136,46
Dec,2019-20,31-Dec-19,Surat,BtoB,E0032M,176,81
Jan,2019-20,01-Jan-20,Jaipur,BtoC,E0032M,70,40
Jan,2019-20,01-Jan-20,Mumbai,BtoB,E0030M,655,157
Jan,2019-20,03-Jan-20,Surat,BtoB,E0028M,187,129
Jan,2019-20,03-Jan-20,Mumbai,BtoB,E0030M,322,129
Jan,2019-20,03-Jan-20,Delhi,BtoB,E0032M,584,467
Jan,2019-20,03-Jan-20,Mumbai,BtoB,E0032M,231,136
Jan,2019-20,04-Jan-20,Surat,BtoB,E0034M,401,16
Jan,2019-20,04-Jan-20,Delhi,BtoB,E0034M,192,107
Jan,2019-20,05-Jan-20,Delhi,BtoB,E0030M,565,203
Jan,2019-20,06-Jan-20,Delhi,BtoC,E0030M,223,170
Jan,2019-20,09-Jan-20,Mumbai,BtoB,E0028M,551,308
Jan,2019-20,10-Jan-20,Mumbai,BtoB,E0028M,1447,1374
Jan,2019-20,11-Jan-20,Mumbai,BtoC,E0028M,127,44
Jan,2019-20,11-Jan-20,Surat,BtoC,E0030M,1064,798
Jan,2019-20,11-Jan-20,Jaipur,BtoB,E0032M,297,172
Jan,2019-20,12-Jan-20,Jaipur,BtoC,E0032M,975,488
Jan,2019-20,15-Jan-20,Surat,BtoC,E0028M,4548,0
Jan,2019-20,15-Jan-20,Mumbai,BtoC,E0030M,93,64
Jan,2019-20,16-Jan-20,Delhi,BtoB,E0028M,229,103
Jan,2019-20,17-Jan-20,Delhi,BtoC,E0028M,998,399
Jan,2019-20,18-Jan-20,Jaipur,BtoB,E0030M,549,55
Jan,2019-20,18-Jan-20,Delhi,BtoB,E0030M,464,14
Jan,2019-20,19-Jan-20,Jaipur,BtoC,E0028M,30,28
Jan,2019-20,20-Jan-20,Jaipur,BtoB,E0030M,1949,702
Jan,2019-20,21-Jan-20,Jaipur,BtoC,E0028M,797,430
Jan,2019-20,21-Jan-20,Surat,BtoC,E0030M,641,539
Jan,2019-20,22-Jan-20,Surat,BtoB,E0032M,176,81
Jan,2019-20,22-Jan-20,Mumbai,BtoB,E0034M,160,91
Jan,2019-20,23-Jan-20,Delhi,BtoB,E0028M,708,71
Jan,2019-20,24-Jan-20,Jaipur,BtoC,E0030M,414,166
Jan,2019-20,25-Jan-20,Jaipur,BtoB,E0028M,905,172
Jan,2019-20,28-Jan-20,Jaipur,BtoC,E0028M,495,20
Jan,2019-20,30-Jan-20,Delhi,BtoC,E0032M,488,122
Jan,2019-20,31-Jan-20,Delhi,BtoC,E0030M,407,8
Feb,2019-20,01-Feb-20,Surat,BtoC,E0030M,962,731
Feb,2019-20,02-Feb-20,Delhi,BtoB,E0028M,1416,283
Feb,2019-20,03-Feb-20,Jaipur,BtoC,E0032M,70,40
Feb,2019-20,04-Feb-20,Mumbai,BtoB,E0030M,655,157
Feb,2019-20,05-Feb-20,Delhi,BtoB,E0032M,467,206
Feb,2019-20,05-Feb-20,Mumbai,BtoB,E0032M,462,83
Feb,2019-20,06-Feb-20,Delhi,BtoC,E0028M,1248,0
Feb,2019-20,06-Feb-20,Jaipur,BtoC,E0030M,1242,248
Feb,2019-20,06-Feb-20,Jaipur,BtoC,E0028M,797,430
Feb,2019-20,07-Feb-20,Surat,BtoB,E0032M,293,29
Feb,2019-20,08-Feb-20,Delhi,BtoB,E0028M,229,103
Feb,2019-20,09-Feb-20,Surat,BtoC,E0030M,638,543
Feb,2019-20,09-Feb-20,Surat,BtoB,E0034M,301,84
Feb,2019-20,09-Feb-20,Jaipur,BtoC,E0028M,121,87
Feb,2019-20,11-Feb-20,Jaipur,BtoB,E0030M,274,14
Feb,2019-20,12-Feb-20,Jaipur,BtoB,E0028M,2716,1548
Feb,2019-20,14-Feb-20,Jaipur,BtoB,E0030M,487,44
Feb,2019-20,17-Feb-20,Delhi,BtoC,E0030M,372,223
Feb,2019-20,17-Feb-20,Jaipur,BtoC,E0032M,1626,813
Feb,2019-20,18-Feb-20,Mumbai,BtoB,E0030M,644,515
Feb,2019-20,19-Feb-20,Mumbai,BtoC,E0028M,51,17
Feb,2019-20,19-Feb-20,Mumbai,BtoB,E0028M,1447,1374
Feb,2019-20,20-Feb-20,Mumbai,BtoB,E0028M,138,54
Feb,2019-20,21-Feb-20,Surat,BtoB,E0028M,374,142
Feb,2019-20,22-Feb-20,Surat,BtoC,E0028M,4548,0
Feb,2019-20,23-Feb-20,Mumbai,BtoB,E0034M,480,341
Feb,2019-20,24-Feb-20,Delhi,BtoB,E0030M,618,25
Feb,2019-20,24-Feb-20,Delhi,BtoB,E0034M,96,75
Feb,2019-20,26-Feb-20,Jaipur,BtoC,E0028M,248,129
Feb,2019-20,26-Feb-20,Delhi,BtoC,E0032M,650,0
Feb,2019-20,27-Feb-20,Delhi,BtoB,E0030M,565,203
Mar,2019-20,03-Mar-20,Jaipur,BtoB,E0032M,743,334
Mar,2019-20,05-Mar-20,Jaipur,BtoC,E0032M,348,295
Mar,2019-20,06-Mar-20,Surat,BtoB,E0028M,374,142
Mar,2019-20,07-Mar-20,Jaipur,BtoC,E0030M,2070,0
Mar,2019-20,08-Mar-20,Surat,BtoB,E0032M,59,48
Mar,2019-20,08-Mar-20,Mumbai,BtoB,E0032M,607,340
Mar,2019-20,10-Mar-20,Jaipur,BtoB,E0034M,548,269
Mar,2019-20,12-Mar-20,Delhi,BtoB,E0028M,1144,286
Mar,2019-20,12-Mar-20,Delhi,BtoB,E0032M,351,28
Mar,2019-20,13-Mar-20,Mumbai,BtoC,E0028M,51,17
Mar,2019-20,13-Mar-20,Jaipur,BtoC,E0028M,124,94
Mar,2019-20,15-Mar-20,Surat,BtoC,E0030M,641,539
Mar,2019-20,16-Mar-20,Mumbai,BtoC,E0032M,997,199
Mar,2019-20,16-Mar-20,Surat,BtoC,E0032M,2062,1402
Mar,2019-20,18-Mar-20,Delhi,BtoC,E0030M,271,185
Mar,2019-20,20-Mar-20,Jaipur,BtoB,E0030M,1098,220
Mar,2019-20,20-Mar-20,Mumbai,BtoB,E0030M,1288,773
Mar,2019-20,20-Mar-20,Mumbai,BtoB,E0032M,1156,1098
Mar,2019-20,20-Mar-20,Delhi,BtoC,E0032M,488,122
Mar,2019-20,21-Mar-20,Surat,BtoC,E0030M,213,202
Mar,2019-20,23-Mar-20,Mumbai,BtoC,E0030M,186,71
Mar,2019-20,24-Mar-20,Mumbai,BtoB,E0028M,275,215
Mar,2019-20,24-Mar-20,Delhi,BtoC,E0032M,853,205
Mar,2019-20,25-Mar-20,Delhi,BtoC,E0030M,298,202
Mar,2019-20,27-Mar-20,Delhi,BtoC,E0028M,499,100
Mar,2019-20,29-Mar-20,Delhi,BtoB,E0030M,773,39
Mar,2019-20,29-Mar-20,Jaipur,BtoB,E0032M,1056,760
Mar,2019-20,30-Mar-20,Jaipur,BtoC,E0032M,325,163
Mar,2019-20,30-Mar-20,Delhi,BtoB,E0034M,288,98
